{"cameraMode":{"drawMode":0,"name":"Shaded","section":"Shading Mode"},"sceneLighting":true,"audioPlay":false,"sceneViewState":{"showFog":true,"showMaterialUpdate":false,"showSkybox":true,"showFlares":true,"showImageEffects":true,"showParticleSystems":true,"showVisualEffectGraphs":true,"m_FxEnabled":true},"in2DMode":false,"pivot":{"x":-50.72298812866211,"y":46.87922286987305,"z":21.298999786376954},"rotation":{"x":-0.31427881121635439,"y":-0.025061937049031259,"z":0.00830268394201994,"w":-0.9489686489105225},"size":168.57167053222657,"orthographic":false}